url,summary,error
https://www.python.org,"1. **What they do:** Python.org is the official website for Python, a programming language designed to be easy to learn and effective for quickly building and integrating systems.

2. **Primary audience:** Their audience includes both beginner programmers looking for an accessible first language and experienced developers seeking a versatile programming tool.",
https://www.anthropic.com,"1. **What they do:** Anthropic is an AI research company that develops AI products (particularly Claude, their AI assistant) with a focus on safety and responsible development.

2. **Primary audience:** Their audience appears to be enterprise users, developers, and organizations concerned with safe AI implementation, as well as policymakers and researchers interested in AI safety and alignment.",
https://www.langchain.com,"1. **What they do:** LangChain provides a platform (LangSmith) for developing, testing, monitoring, and deploying AI agents, offering tools for observability, evaluation, and production deployment across the agent development lifecycle.

2. **Primary audience:** Their primary audience is AI developers and engineering teams at companies (from startups to enterprises) who are building and deploying AI agents and need tools to debug, test, and scale their applications.",
https://drovinsolutions.com,"1. **What they do:** Drovin Solutions provides embedded GoHighLevel automation specialists who build and manage CRM workflows, lead management systems, and marketing automation for agencies and SaaS companies serving home service businesses.

2. **Primary audience:** Marketing agencies and SaaS companies that resell or white-label services to contractors and home service businesses (HVAC, roofing, plumbing, solar, etc.) but struggle with the technical implementation and ongoing management of automation systems.",
